{"10":{"time":[0.09888954099733382,0.10453516701818444,0.13056845898972824,0.22077387501485646,0.23637166601838544,0.24056837501120754,0.3547194999991916,0.4876850839937106,0.8663010000018403,1.400771959015401,2.9485488329955842,5.713337666995358,11.49817195799551,23.52490824999404],"depth":[60,60,60,60,65,57,57,60,60,60,60,60,60,60],"swap_count":[57,57,57,57,56,54,54,45,45,45,45,45,45,45]},"29":{"time":[0.27605666700401343,0.4821863750112243,0.5083046249928884,0.5396681660204194,0.8032143340096809,1.4894859999767505,2.4375138749892358,4.375528333010152,7.951542333001271,14.977177875000052,30.447807209013263,60.620376208011294,124.00041791598778,242.41372429198236],"depth":[314,300,255,255,280,298,298,229,229,230,214,275,235,223],"swap_count":[643,591,586,586,565,539,539,517,517,513,505,502,487,487]},"49":{"time":[1.0993699169775937,1.0681208330206573,1.3167540419963188,1.7423231669818051,2.310197540995432,4.271462459000759,7.347856042004423,13.27375729198684,24.277028958982555,46.16305016601109,93.2859976250038,186.28233575000195,380.0788895000005,776.173609541991],"depth":[618,643,617,603,603,603,603,538,594,521,555,555,555,583],"swap_count":[1686,1661,1655,1615,1615,1615,1615,1607,1585,1576,1483,1483,1483,1481]},"68":{"time":[1.9685917090100702,2.3286826669937,2.614286958996672,3.4598669589904603,4.608641250000801,8.559617916995194,14.527613541984465,26.67045912501635,48.704778875020565,93.73750183300581,187.34515454102075,376.35122766697896,768.7407134169771,1563.365208000003],"depth":[1046,1253,1497,949,949,823,823,823,870,870,870,870,870,870],"swap_count":[4011,3539,3842,3071,3071,3004,3004,3004,2836,2836,2836,2836,2836,2836]},"88":{"time":[3.5608662079903297,3.7344195839832537,4.702076874993509,6.134960166993551,8.050605750002433,15.124779042002046,25.466522750008153,46.893812333990354,85.35924558300758,167.59810395899694,333.3439313340059,662.5223253339936,1362.6627379579877,2767.92670929202],"depth":[2247,1828,1337,1525,1525,1525,1525,1525,1582,1582,1054,1456,1456,931],"swap_count":[6880,6279,5286,5375,5375,5375,5375,5375,5357,5357,5104,5086,5086,4829]},"107":{"time":[5.485609541006852,5.915627207985381,7.22010574999149,9.445574583020061,12.672939875017619,24.073918000009144,39.728706499998225,71.96675870800391,132.84284445800586,259.0055067919893,516.6393946250028,1032.247257665993,2107.9182337090024,4295.862106374989],"depth":[2892,2354,2328,2476,2476,2476,2118,2143,2143,1837,1778,1954,1821,1821],"swap_count":[10791,9390,9157,8715,8715,8715,8642,8167,8167,8096,8047,7995,7392,7392]},"127":{"time":[7.829180375003489,8.369152042025235,10.64096174997394,13.723695082997438,18.435388834011974,34.060167749994434,57.43390937501681,107.01381820900133,191.79714354200405,379.81130716597545,755.0267621669918,1506.978431791009,3077.5694458340004,6281.648528040998],"depth":[3993,2999,3339,3339,3339,3263,3263,2517,2746,2738,2738,2728,2302,2567],"swap_count":[15355,13013,12921,12921,12921,12676,12676,12161,11939,11745,11745,11710,11357,11211]}}