depth,cx,time,depth_std,cx_std,time_std,circuit,layout_pass,num_times,max_iter,beam,look,crit
42,288,8.69650936126709,0.0,0.0,0.0,_10_prob.qasm,SabreLayout,1,3,10,1,1
30,226,3.0421488285064697,0.0,0.0,0.0,_20_prob.qasm,SabreLayout,1,3,10,1,1
77,453,23.52271819114685,0.0,0.0,0.0,_30_prob.qasm,SabreLayout,1,3,10,1,1
77,532,23.870060205459595,0.0,0.0,0.0,_40_prob.qasm,SabreLayout,1,3,10,1,1
111,716,72.38326501846313,0.0,0.0,0.0,_50_prob.qasm,SabreLayout,1,3,10,1,1
155,918,116.35187673568726,0.0,0.0,0.0,_60_prob.qasm,SabreLayout,1,3,10,1,1
278,2104,9326.062538862228,0.0,0.0,0.0,_70_prob.qasm,SabreLayout,1,3,10,1,1
