depth,cx gates,time,seed,depth_std,cx_std,time_std,rp,lp,look,beam,num_iter,crit,max_iter
19,109,0.001753091812133789,0,0,0,4.822e-05,None,trivial_layout,0,1,1,1,3
39,228,0.003245830535888672,0,0,0,0.000154,None,trivial_layout,0,1,1,1,3
56,339,0.00438690185546875,0,0,0,3.829e-05,None,trivial_layout,0,1,1,1,3
76,469,0.005609035491943359,0,0,0,0.000211,None,trivial_layout,0,1,1,1,3
98,585,0.007127046585083008,0,0,0,0.0001639,None,trivial_layout,0,1,1,1,3
