depth,cx gates,time,seed,depth_std,cx_std,time_std,rp,lp,look,beam,num_iter,crit,max_iter
21,117,0.004288196563720703,3,4.062,10.89,0.0004365,sabre_v0_20_,trivial_layout,0,1,1,1,1
37,219,0.006974935531616211,0,6.759,10.69,0.000395,sabre_v0_20_,trivial_layout,0,1,1,1,1
116,503,0.017091035842895508,0,27.78,106.8,0.004369,sabre_v0_20_,trivial_layout,0,1,1,1,1
157,696,0.02598881721496582,2,17.8,51.22,0.0008146,sabre_v0_20_,trivial_layout,0,1,1,1,1
181,840,0.02770709991455078,1,23.8,77.96,0.003272,sabre_v0_20_,trivial_layout,0,1,1,1,1
