depth,cx gates,time,seed,depth_std,cx_std,time_std,rp,lp,look,beam,num_iter,crit,max_iter
32,153,0.006577968597412109,0,0,0,0.0001634,sabre_v0_20_depth,trivial_layout,0,1,1,1,1
43,243,0.009402990341186523,0,0,0,0.0002553,sabre_v0_20_depth,trivial_layout,0,1,1,1,1
111,542,0.025943756103515625,0,0,0,0.0004221,sabre_v0_20_depth,trivial_layout,0,1,1,1,1
136,738,0.03765726089477539,0,0,0,0.0002948,sabre_v0_20_depth,trivial_layout,0,1,1,1,1
211,870,0.0394742488861084,0,0,0,0.0136,sabre_v0_20_depth,trivial_layout,0,1,1,1,1
