depth,cx gates,time,seed,depth_std,cx_std,time_std,rp,lp,look,beam,num_iter,crit,max_iter
19,111,0.0043718814849853516,0,0.0,0.0,0.000137,sabre_v0_20_extended,trivial_layout,0,1,1,1,1
37,219,0.00796198844909668,0,0.0,0.0,4.117e-05,sabre_v0_20_extended,trivial_layout,0,1,1,1,1
67,377,0.013717889785766602,2,0.433,2.598,0.0002244,sabre_v0_20_extended,trivial_layout,0,1,1,1,1
88,477,0.01622915267944336,3,7.462,11.32,0.000705,sabre_v0_20_extended,trivial_layout,0,1,1,1,1
118,612,0.02134084701538086,0,1.299,12.99,0.0007494,sabre_v0_20_extended,trivial_layout,0,1,1,1,1
