depth,cx gates,time,seed,depth_std,cx_std,time_std,rp,lp,look,beam,num_iter,crit,max_iter
22,118,0.005408048629760742,0,0.0,0.0,0.0002005,sabre_v0_20_extended,trivial_layout,0,1,1,1,1
99,357,0.01744985580444336,2,5.315,19.49,0.001746,sabre_v0_20_extended,trivial_layout,0,1,1,1,1
102,444,0.019450902938842773,3,26.95,70.37,0.00559,sabre_v0_20_extended,trivial_layout,0,1,1,1,1
218,754,0.037615060806274414,0,13.47,46.5,0.003914,sabre_v0_20_extended,trivial_layout,0,1,1,1,1
205,903,0.04492902755737305,3,58.19,123.3,0.01038,sabre_v0_20_extended,trivial_layout,0,1,1,1,1
