depth,cx gates,time,seed,depth_std,cx_std,time_std,rp,lp,look,beam,num_iter,crit,max_iter
28,136,0.006628990173339844,0,0,0,0.0004811,sabre_v0_20_depth,trivial_layout,0,1,1,1,1
117,498,0.02989983558654785,0,0,0,0.0001244,sabre_v0_20_depth,trivial_layout,0,1,1,1,1
220,975,0.06025815010070801,0,0,0,0.0004686,sabre_v0_20_depth,trivial_layout,0,1,1,1,1
258,1159,0.07607889175415039,0,0,0,0.00025,sabre_v0_20_depth,trivial_layout,0,1,1,1,1
354,1437,0.0916757583618164,0,0,0,0.0002063,sabre_v0_20_depth,trivial_layout,0,1,1,1,1
