depth,cx gates,time,seed,depth_std,cx_std,time_std,rp,lp,look,beam,num_iter,crit,max_iter
28,130,0.005815029144287109,3,3.082,6.708,0.0005093,sabre_v0_20_,trivial_layout,0,1,1,1,1
116,477,0.0226438045501709,1,25.18,73.09,0.004446,sabre_v0_20_,trivial_layout,0,1,1,1,1
193,726,0.034837961196899414,2,20.39,39.71,0.00313,sabre_v0_20_,trivial_layout,0,1,1,1,1
359,1078,0.04768013954162598,2,31.5,104.8,0.007527,sabre_v0_20_,trivial_layout,0,1,1,1,1
423,1434,0.06614518165588379,1,49.94,101.8,0.006393,sabre_v0_20_,trivial_layout,0,1,1,1,1
