depth,cx,time,depth_std,cx_std,time_std,circuit,layout_pass,num_times,max_iter,beam,look,crit
23,36,0.7185862064361572,0.0,0.0,0.0,ghz_10.qasm,SabreLayout,1,3,100,1,1
67,277,12.634423971176147,0.0,0.0,0.0,ghz_20.qasm,SabreLayout,1,3,100,1,1
87,320,31.276351928710938,0.0,0.0,0.0,ghz_30.qasm,SabreLayout,1,3,100,1,1
133,558,68.13737416267395,0.0,0.0,0.0,ghz_40.qasm,SabreLayout,1,3,100,1,1
169,784,113.585373878479,0.0,0.0,0.0,ghz_50.qasm,SabreLayout,1,3,100,1,1
