depth,cx,time,depth_std,cx_std,time_std,circuit,layout_pass,num_times,max_iter,beam,look,crit
33,198,4.473998069763184,0.0,0.0,0.0,_10_prob.qasm,SabreLayout,1,3,6,1,1
73,383,21.18791103363037,0.0,0.0,0.0,_20_prob.qasm,SabreLayout,1,3,6,1,1
141,704,104.09481692314148,0.0,0.0,0.0,_30_prob.qasm,SabreLayout,1,3,6,1,1
212,1010,212.01719188690186,0.0,0.0,0.0,_40_prob.qasm,SabreLayout,1,3,6,1,1
240,1140,306.1169228553772,0.0,0.0,0.0,_50_prob.qasm,SabreLayout,1,3,6,1,1
308,1484,493.95997190475464,0.0,0.0,0.0,_60_prob.qasm,SabreLayout,1,3,6,1,1
354,1794,677.7360992431641,0.0,0.0,0.0,_70_prob.qasm,SabreLayout,1,3,6,1,1
396,2001,9658.98339676857,0.0,0.0,0.0,_80_prob.qasm,SabreLayout,1,3,6,1,1
