depth,cx gates,time,seed,depth_std,cx_std,time_std,rp,lp,look,beam,num_iter,crit,max_iter
20,134,0.004608154296875,2,5.761,8.617,0.0008949,sabre_v0_20_,trivial_layout,0,1,1,1,1
48,280,0.008983135223388672,3,1.871,6.708,0.01282,sabre_v0_20_,trivial_layout,0,1,1,1,1
62,443,0.014091014862060547,2,13.68,31.28,0.001352,sabre_v0_20_,trivial_layout,0,1,1,1,1
85,565,0.019338130950927734,3,15.82,50.51,0.001648,sabre_v0_20_,trivial_layout,0,1,1,1,1
106,725,0.02184605598449707,0,26.19,42.98,0.001798,sabre_v0_20_,trivial_layout,0,1,1,1,1
