depth,cx gates,time,seed,depth_std,cx_std,time_std,rp,lp,look,beam,num_iter,crit,max_iter
26,149,0.00572514533996582,0,0,0,0.0001966,sabre_v0_20_depth,trivial_layout,0,1,1,1,1
85,391,0.01450800895690918,0,0,0,0.0001064,sabre_v0_20_depth,trivial_layout,0,1,1,1,1
78,479,0.02087092399597168,0,0,0,0.0007007,sabre_v0_20_depth,trivial_layout,0,1,1,1,1
133,637,0.026856184005737305,0,0,0,0.0001719,sabre_v0_20_depth,trivial_layout,0,1,1,1,1
147,815,0.038038015365600586,0,0,0,0.0003579,sabre_v0_20_depth,trivial_layout,0,1,1,1,1
