depth,cx gates,time,seed,depth_std,cx_std,time_std,rp,lp,look,beam,num_iter,crit,max_iter
18,128,0.004365682601928711,1,0.866,0.0,0.0001232,sabre_v0_20_extended,trivial_layout,0,1,1,1,1
36,262,0.009362936019897461,0,0.0,0.0,0.0001091,sabre_v0_20_extended,trivial_layout,0,1,1,1,1
54,410,0.014723062515258789,0,0.0,0.0,0.0003518,sabre_v0_20_extended,trivial_layout,0,1,1,1,1
68,484,0.01866602897644043,0,1.299,5.356,0.0005729,sabre_v0_20_extended,trivial_layout,0,1,1,1,1
101,677,0.023836851119995117,2,2.487,2.598,0.0002631,sabre_v0_20_extended,trivial_layout,0,1,1,1,1
