depth,cx gates,time,depth_std,cx_std,time_std,look,beam,heuristic
151,388,0.018812894821166992,12.62,0.0,0.001122,0,1,basic
70,240,0.012903928756713867,0.0,0.0,0.0003263,0,1,basic
133,240,0.012797355651855469,15.59,6.495,0.000411,0,1,basic
118,314,0.017184019088745117,10.82,0.0,0.0009541,0,1,basic
157,345,0.018402814865112305,13.81,2.487,0.0003552,0,1,basic
172,205,0.01064610481262207,2.598,2.598,0.0002652,0,1,basic
121,274,0.014250040054321289,6.364,1.299,0.0003063,0,1,basic
181,323,0.015904903411865234,15.73,42.13,0.000947,0,1,basic
