{"10":{"time":[0.044207667000591755,0.04617845900065731,0.05577362500480376,0.051704458994208835,0.06306679100089241,0.15890683299221564,0.18365712500235531,0.2242561670136638],"depth":[60,60,60,60,65,57,57,60],"swap_count":[57,57,57,57,56,54,54,45]},"29":{"time":[0.23084662499604747,0.24534516700077802,0.2766892499930691,0.31533195899100974,0.403825000001234,1.4753113749902695,2.43669724999927,2.2137171659996966],"depth":[264,221,221,233,233,239,224,224],"swap_count":[614,548,548,529,529,517,509,509]},"49":{"time":[0.6804652499995427,0.6901455000042915,0.7884293749957578,0.9324219580012141,1.1809347499947762,4.200776792000397,7.3198806250002235,7.1707371250086],"depth":[819,655,653,506,506,506,529,529],"swap_count":[2079,1816,1741,1589,1589,1589,1538,1538]},"68":{"time":[1.2934055419900687,1.3405369999964023,1.548840041999938,1.7828104159998475,2.3148105000000214,8.575818583005457,14.483187833000557,14.34976166699198],"depth":[1707,945,1165,1008,1008,1040,1040,870],"swap_count":[3808,3549,3378,3154,3154,3147,3147,3059]},"88":{"time":[2.3197605829918757,2.3527575000043726,2.6616989169997396,3.2574396249983693,4.389060874993447,15.167439167009434,25.20150958400336,24.777219374998822],"depth":[2449,2094,1773,1240,1599,1566,1566,1566],"swap_count":[7387,6468,6113,5171,5687,5265,5265,5265]},"107":{"time":[3.618388207993121,3.7522283750004135,4.136085374993854,5.139989125003922,6.430875707999803,23.43667245900724,39.52150858299865,37.94667762500467],"depth":[2615,2570,2658,2132,2132,2132,2132,2078],"swap_count":[9500,10091,9707,8423,8423,8423,8423,8278]},"127":{"time":[5.233337375000701,5.464686457999051,6.108268666997901,7.541354082990438,12.16349895800522,34.77309016700019,41.69325179200678,56.272850124994875],"depth":[4409,3517,3384,3378,3622,3065,3163,2442],"swap_count":[13860,14449,13616,13368,12350,12262,12661,11698]}}